<?xml version="1.0" encoding="UTF-8" ?>
<!DOCTYPE struts PUBLIC
    "-//Apache Software Foundation//DTD Struts Configuration 2.0//EN"
    "http://struts.apache.org/dtds/struts-2.0.dtd">

<struts>
    <constant name="struts.devMode" value="true" />
    <constant name="struts.ui.theme" value="simple" />
	<package name="tags" extends="struts-default">

        <action name="tags" class="com.struts2.tags.TagsAction">
            <result>/tags.jsp</result>
        </action>

    </package>

</struts>
